{
  "disease": "heart",
  "best_model_name": "random_forest",
  "model_type": "sklearn",
  "feature_order": [
    "age",
    "sex",
    "cp",
    "trestbps",
    "chol",
    "fbs",
    "restecg",
    "thalach",
    "exang",
    "oldpeak",
    "slope",
    "ca",
    "thal"
  ],
  "feature_importance": {
    "age": 0.08291034127837635,
    "sex": 0.03043370747241279,
    "cp": 0.15683003709671392,
    "trestbps": 0.0746878989784835,
    "chol": 0.08927148597339589,
    "fbs": 0.008104964995450393,
    "restecg": 0.020850094422972903,
    "thalach": 0.11359450659063106,
    "exang": 0.06118001161696281,
    "oldpeak": 0.11029498256009534,
    "slope": 0.04555663343961253,
    "ca": 0.08825408109358916,
    "thal": 0.11803125448130337
  },
  "metrics": {
    "model": "random_forest",
    "accuracy": 0.8032786885245902,
    "precision": 0.7560975609756098,
    "recall": 0.9393939393939394,
    "f1_score": 0.8378378378378378,
    "roc_auc": 0.8831168831168832
  }
}