{
  "disease": "diabetes",
  "best_model_name": "xgboost",
  "model_type": "sklearn",
  "feature_order": [
    "Pregnancies",
    "Glucose",
    "BloodPressure",
    "SkinThickness",
    "Insulin",
    "BMI",
    "DiabetesPedigreeFunction",
    "Age"
  ],
  "feature_importance": {
    "Pregnancies": 0.08187061639730576,
    "Glucose": 0.3360192217232945,
    "BloodPressure": 0.06885860937303241,
    "SkinThickness": 0.05429812953954335,
    "Insulin": 0.0979139443253794,
    "BMI": 0.15094407071483215,
    "DiabetesPedigreeFunction": 0.08527275270155914,
    "Age": 0.1248226552250533
  },
  "metrics": {
    "model": "xgboost",
    "accuracy": 0.7532467532467533,
    "precision": 0.6666666666666666,
    "recall": 0.5925925925925926,
    "f1_score": 0.6274509803921569,
    "roc_auc": 0.8233333333333334
  }
}